[
  {
    "id": "PROD_1",
    "product_title": "New Books Collection",
    "product_price": "750.00",
    "product_description": "Step into the world of Regency-era England with Jane Austen's timeless masterpiece, Pride and Prejudice.Follow the spirited Elizabeth Bennet as she navigates the complexities of love, family, and societal expectations. When the aloof and mysterious Mr. Darcy enters her life, Elizabeth must confront her own prejudices and discover the true nature of pride. With its sharp wit, memorable characters, and enduring romance, Pride and Prejudice continues to captivate readers and remains a beloved literary classic.",
    "image_path": "/uploads/pride-and-prejudice.jpg"
  },
  {
    "id": "PROD_2",
    "product_title": "Top selling Book",
    "product_price": "500.00",
    "product_description": "Lorem ipsum dolor sit amet consectetur, adipisicing elit. Repudiandae illo suscipit officiis fugit possimus quos quaerat minima porro nihil eum labore, modi omnis totam facilis ex veniam. Est, ex pariatur!",
    "image_path": "/uploads/slider-3.webp"
  },
  {
    "id": "PROD_1714409494629_570",
    "product_title": "Best selling Book",
    "product_price": "350.00",
    "product_description": "The Catcher in the Rye is a novel by J.D. Salinger, first published in 1951. The story is narrated by Holden Caulfield, a 16-year-old boy who has just been expelled from his prestigious boarding school. Over the course of a few days in New York City, Holden grapples with feelings of alienation and depression, all while seeking authenticity in a world he sees as phony.",
    "image_path": "/uploads/To-kill-a-mockinf-bird.jpg"
  }
]